{"ABA": {"Timesteps": {"Closure": [0.0, 0.0008, 0.0016, 0.0, 0.0, 0.0, 0.0, 0.0, 0.0, 0.0, 0.0, 0.0, 0.0, 0.0, 0.0, 0.0, 0.0, 0.0, 0.0, 0.0, 0.0, 0.0, 0.0, 0.0, 0.0, 0.0, 0.0, 0.0, 0.0, 0.0, 0.0]}, "Closure AUC": 0.0024000000000000002}, "pHc": {"Timesteps": {"Closure": [0.0, 0.0012, 0.004, 0.0192, 0.1132, 0.2012, 0.2668, 0.296, 0.3084, 0.3248, 0.3388, 0.3532, 0.3464, 0.3252, 0.3464, 0.3372, 0.3376, 0.3532, 0.3436, 0.336, 0.3284, 0.336, 0.3396, 0.332, 0.3424, 0.34, 0.3344, 0.3496, 0.3164, 0.3212, 0.3296]}, "Closure AUC": 8.621999999999998}, "PC": {"Timesteps": {"Closure": [0.0, 0.0, 0.0028, 0.0204, 0.1076, 0.2552, 0.4472, 0.5976, 0.6728, 0.7168, 0.7368, 0.7424, 0.7376, 0.7336, 0.742, 0.7376, 0.7436, 0.7516, 0.756, 0.7436, 0.746, 0.7468, 0.746, 0.7352, 0.7444, 0.7356, 0.7312, 0.7336, 0.7348, 0.7424, 0.75]}, "Closure AUC": 18.391200000000005}, "WT": {"Timesteps": {"Closure": [0.0, 0.0004, 0.0016, 0.0236, 0.108, 0.2676, 0.468, 0.6508, 0.7776, 0.8684, 0.9228, 0.9508, 0.9752, 0.9868, 0.9944, 0.996, 0.9968, 0.9988, 1.0, 1.0, 1.0, 1.0, 1.0, 1.0, 1.0, 1.0, 1.0, 1.0, 1.0, 1.0, 1.0]}, "Closure AUC": 23.9876}, "RBOH": {"Timesteps": {"Closure": [0.0, 0.0, 0.0044, 0.0244, 0.1156, 0.2444, 0.3636, 0.4392, 0.4756, 0.504, 0.5036, 0.5176, 0.5036, 0.4956, 0.4912, 0.4984, 0.4984, 0.5056, 0.4988, 0.4928, 0.5016, 0.506, 0.4824, 0.4904, 0.5004, 0.486, 0.4948, 0.5036, 0.4988, 0.506, 0.4976]}, "Closure AUC": 12.6444}, "OST1": {"Timesteps": {"Closure": [0.0, 0.0, 0.0, 0.0, 0.0, 0.0, 0.0, 0.0, 0.0, 0.0, 0.0, 0.0, 0.0, 0.0, 0.0, 0.0, 0.0, 0.0, 0.0, 0.0, 0.0, 0.0, 0.0, 0.0, 0.0, 0.0, 0.0, 0.0, 0.0, 0.0, 0.0]}, "Closure AUC": 0.0}}